编号,名称,作者,出版社,出版年份
1,数据结构C语言版,陈峰棋,中国铁道出版社,2002
2,数据结构与算法——C语言版,传智播客,清华大学出版社,2016
3,啊哈！算法,啊哈磊,人民邮电出版社,2014
4,跟我学数据结构,陈锐,清华大学出版社,2013
5,趣学数据结构,陈小玉,人民邮电出版社,2019
6,我的第一本算法书,石田保辉,人民邮电出版社,2018
7,大话数据结构,程杰,清华大学出版社,2011
8,数据结构C语言版,陈峰棋,中国铁道出版社,2002
9,数据结构与算法——C语言版,传智播客,清华大学出版社,2016
10,啊哈！算法,啊哈磊,人民邮电出版社,2014
11,跟我学数据结构,陈锐,清华大学出版社,2013
12,趣学数据结构,陈小玉,人民邮电出版社,2019
13,我的第一本算法书,石田保辉,人民邮电出版社,2018
14,大话数据结构,程杰,清华大学出版社,2011
15,数据结构C语言版,陈峰棋,中国铁道出版社,2002
16,数据结构与算法——C语言版,传智播客,清华大学出版社,2016
17,啊哈！算法,啊哈磊,人民邮电出版社,2014
18,跟我学数据结构,陈锐,清华大学出版社,2013
19,趣学数据结构,陈小玉,人民邮电出版社,2019
20,我的第一本算法书,石田保辉,人民邮电出版社,2018
21,大话数据结构,程杰,清华大学出版社,2011
22,数据结构C语言版,陈峰棋,中国铁道出版社,2002
23,数据结构与算法——C语言版,传智播客,清华大学出版社,2016
24,啊哈！算法,啊哈磊,人民邮电出版社,2014
25,跟我学数据结构,陈锐,清华大学出版社,2013
26,趣学数据结构,陈小玉,人民邮电出版社,2019
27,我的第一本算法书,石田保辉,人民邮电出版社,2018
28,大话数据结构,程杰,清华大学出版社,2011
29,数据结构C语言版,陈峰棋,中国铁道出版社,2002
30,数据结构与算法——C语言版,传智播客,清华大学出版社,2016
31,啊哈！算法,啊哈磊,人民邮电出版社,2014
32,跟我学数据结构,陈锐,清华大学出版社,2013
33,趣学数据结构,陈小玉,人民邮电出版社,2019
34,我的第一本算法书,石田保辉,人民邮电出版社,2018
35,大话数据结构,程杰,清华大学出版社,2011
36,数据结构C语言版,陈峰棋,中国铁道出版社,2002
37,数据结构与算法——C语言版,传智播客,清华大学出版社,2016
38,啊哈！算法,啊哈磊,人民邮电出版社,2014
39,跟我学数据结构,陈锐,清华大学出版社,2013
40,趣学数据结构,陈小玉,人民邮电出版社,2019
41,我的第一本算法书,石田保辉,人民邮电出版社,2018
42,大话数据结构,程杰,清华大学出版社,2011
43,数据结构C语言版,陈峰棋,中国铁道出版社,2002
44,数据结构与算法——C语言版,传智播客,清华大学出版社,2016
45,啊哈！算法,啊哈磊,人民邮电出版社,2014
46,跟我学数据结构,陈锐,清华大学出版社,2013
47,趣学数据结构,陈小玉,人民邮电出版社,2019
48,我的第一本算法书,石田保辉,人民邮电出版社,2018
49,大话数据结构,程杰,清华大学出版社,2011
50,数据结构C语言版,陈峰棋,中国铁道出版社,2002
51,数据结构与算法——C语言版,传智播客,清华大学出版社,2016
52,啊哈！算法,啊哈磊,人民邮电出版社,2014
53,跟我学数据结构,陈锐,清华大学出版社,2013
54,趣学数据结构,陈小玉,人民邮电出版社,2019
55,我的第一本算法书,石田保辉,人民邮电出版社,2018
56,大话数据结构,程杰,清华大学出版社,2011
57,数据结构C语言版,陈峰棋,中国铁道出版社,2002
58,数据结构与算法——C语言版,传智播客,清华大学出版社,2016
59,啊哈！算法,啊哈磊,人民邮电出版社,2014
60,跟我学数据结构,陈锐,清华大学出版社,2013
61,趣学数据结构,陈小玉,人民邮电出版社,2019
62,我的第一本算法书,石田保辉,人民邮电出版社,2018
63,大话数据结构,程杰,清华大学出版社,2011
64,数据结构C语言版,陈峰棋,中国铁道出版社,2002
65,数据结构与算法——C语言版,传智播客,清华大学出版社,2016
66,啊哈！算法,啊哈磊,人民邮电出版社,2014
67,跟我学数据结构,陈锐,清华大学出版社,2013
68,趣学数据结构,陈小玉,人民邮电出版社,2019
69,我的第一本算法书,石田保辉,人民邮电出版社,2018
70,大话数据结构,程杰,清华大学出版社,2011
71,数据结构C语言版,陈峰棋,中国铁道出版社,2002
72,数据结构与算法——C语言版,传智播客,清华大学出版社,2016
73,啊哈！算法,啊哈磊,人民邮电出版社,2014
74,跟我学数据结构,陈锐,清华大学出版社,2013
75,趣学数据结构,陈小玉,人民邮电出版社,2019
76,我的第一本算法书,石田保辉,人民邮电出版社,2018
77,大话数据结构,程杰,清华大学出版社,2011
78,数据结构C语言版,陈峰棋,中国铁道出版社,2002
79,数据结构与算法——C语言版,传智播客,清华大学出版社,2016
80,啊哈！算法,啊哈磊,人民邮电出版社,2014
81,跟我学数据结构,陈锐,清华大学出版社,2013
82,趣学数据结构,陈小玉,人民邮电出版社,2019
83,我的第一本算法书,石田保辉,人民邮电出版社,2018
84,大话数据结构,程杰,清华大学出版社,2011
85,数据结构C语言版,陈峰棋,中国铁道出版社,2002
86,数据结构与算法——C语言版,传智播客,清华大学出版社,2016
87,啊哈！算法,啊哈磊,人民邮电出版社,2014
88,跟我学数据结构,陈锐,清华大学出版社,2013
89,趣学数据结构,陈小玉,人民邮电出版社,2019
90,我的第一本算法书,石田保辉,人民邮电出版社,2018
91,大话数据结构,程杰,清华大学出版社,2011
92,数据结构C语言版,陈峰棋,中国铁道出版社,2002
93,数据结构与算法——C语言版,传智播客,清华大学出版社,2016
94,啊哈！算法,啊哈磊,人民邮电出版社,2014
95,跟我学数据结构,陈锐,清华大学出版社,2013
96,趣学数据结构,陈小玉,人民邮电出版社,2019
97,我的第一本算法书,石田保辉,人民邮电出版社,2018
98,大话数据结构,程杰,清华大学出版社,2011
99,数据结构C语言版,陈峰棋,中国铁道出版社,2002
100,数据结构与算法——C语言版,传智播客,清华大学出版社,2016
101,啊哈！算法,啊哈磊,人民邮电出版社,2014
102,跟我学数据结构,陈锐,清华大学出版社,2013
103,趣学数据结构,陈小玉,人民邮电出版社,2019
104,我的第一本算法书,石田保辉,人民邮电出版社,2018
105,大话数据结构,程杰,清华大学出版社,2011
106,数据结构C语言版,陈峰棋,中国铁道出版社,2002
107,数据结构与算法——C语言版,传智播客,清华大学出版社,2016
108,啊哈！算法,啊哈磊,人民邮电出版社,2014
109,跟我学数据结构,陈锐,清华大学出版社,2013
110,趣学数据结构,陈小玉,人民邮电出版社,2019
111,我的第一本算法书,石田保辉,人民邮电出版社,2018
112,大话数据结构,程杰,清华大学出版社,2011
113,数据结构C语言版,陈峰棋,中国铁道出版社,2002
114,数据结构与算法——C语言版,传智播客,清华大学出版社,2016
115,啊哈！算法,啊哈磊,人民邮电出版社,2014
116,跟我学数据结构,陈锐,清华大学出版社,2013
117,趣学数据结构,陈小玉,人民邮电出版社,2019
118,我的第一本算法书,石田保辉,人民邮电出版社,2018
119,大话数据结构,程杰,清华大学出版社,2011
120,数据结构C语言版,陈峰棋,中国铁道出版社,2002
121,数据结构与算法——C语言版,传智播客,清华大学出版社,2016
122,啊哈！算法,啊哈磊,人民邮电出版社,2014
123,跟我学数据结构,陈锐,清华大学出版社,2013
124,趣学数据结构,陈小玉,人民邮电出版社,2019
125,我的第一本算法书,石田保辉,人民邮电出版社,2018
126,大话数据结构,程杰,清华大学出版社,2011
127,数据结构C语言版,陈峰棋,中国铁道出版社,2002
128,数据结构与算法——C语言版,传智播客,清华大学出版社,2016
129,啊哈！算法,啊哈磊,人民邮电出版社,2014
130,跟我学数据结构,陈锐,清华大学出版社,2013
131,趣学数据结构,陈小玉,人民邮电出版社,2019
132,我的第一本算法书,石田保辉,人民邮电出版社,2018
133,大话数据结构,程杰,清华大学出版社,2011
134,数据结构C语言版,陈峰棋,中国铁道出版社,2002
135,数据结构与算法——C语言版,传智播客,清华大学出版社,2016
136,啊哈！算法,啊哈磊,人民邮电出版社,2014
137,跟我学数据结构,陈锐,清华大学出版社,2013
138,趣学数据结构,陈小玉,人民邮电出版社,2019
139,我的第一本算法书,石田保辉,人民邮电出版社,2018
140,大话数据结构,程杰,清华大学出版社,2011
141,数据结构C语言版,陈峰棋,中国铁道出版社,2002
142,数据结构与算法——C语言版,传智播客,清华大学出版社,2016
143,啊哈！算法,啊哈磊,人民邮电出版社,2014
144,跟我学数据结构,陈锐,清华大学出版社,2013
145,趣学数据结构,陈小玉,人民邮电出版社,2019
146,我的第一本算法书,石田保辉,人民邮电出版社,2018
147,大话数据结构,程杰,清华大学出版社,2011
148,数据结构C语言版,陈峰棋,中国铁道出版社,2002
149,数据结构与算法——C语言版,传智播客,清华大学出版社,2016
150,啊哈！算法,啊哈磊,人民邮电出版社,2014
151,跟我学数据结构,陈锐,清华大学出版社,2013
152,趣学数据结构,陈小玉,人民邮电出版社,2019
153,我的第一本算法书,石田保辉,人民邮电出版社,2018
154,大话数据结构,程杰,清华大学出版社,2011
155,数据结构C语言版,陈峰棋,中国铁道出版社,2002
156,数据结构与算法——C语言版,传智播客,清华大学出版社,2016
157,啊哈！算法,啊哈磊,人民邮电出版社,2014
158,跟我学数据结构,陈锐,清华大学出版社,2013
159,趣学数据结构,陈小玉,人民邮电出版社,2019
160,我的第一本算法书,石田保辉,人民邮电出版社,2018
161,大话数据结构,程杰,清华大学出版社,2011
162,数据结构C语言版,陈峰棋,中国铁道出版社,2002
163,数据结构与算法——C语言版,传智播客,清华大学出版社,2016
164,啊哈！算法,啊哈磊,人民邮电出版社,2014
165,跟我学数据结构,陈锐,清华大学出版社,2013
166,趣学数据结构,陈小玉,人民邮电出版社,2019
167,我的第一本算法书,石田保辉,人民邮电出版社,2018
168,大话数据结构,程杰,清华大学出版社,2011
169,数据结构C语言版,陈峰棋,中国铁道出版社,2002
170,数据结构与算法——C语言版,传智播客,清华大学出版社,2016
171,啊哈！算法,啊哈磊,人民邮电出版社,2014
172,跟我学数据结构,陈锐,清华大学出版社,2013
173,趣学数据结构,陈小玉,人民邮电出版社,2019
174,我的第一本算法书,石田保辉,人民邮电出版社,2018
175,大话数据结构,程杰,清华大学出版社,2011
176,数据结构C语言版,陈峰棋,中国铁道出版社,2002
177,数据结构与算法——C语言版,传智播客,清华大学出版社,2016
178,啊哈！算法,啊哈磊,人民邮电出版社,2014
179,跟我学数据结构,陈锐,清华大学出版社,2013
180,趣学数据结构,陈小玉,人民邮电出版社,2019
181,我的第一本算法书,石田保辉,人民邮电出版社,2018
182,大话数据结构,程杰,清华大学出版社,2011
183,数据结构C语言版,陈峰棋,中国铁道出版社,2002
184,数据结构与算法——C语言版,传智播客,清华大学出版社,2016
185,啊哈！算法,啊哈磊,人民邮电出版社,2014
186,跟我学数据结构,陈锐,清华大学出版社,2013
187,趣学数据结构,陈小玉,人民邮电出版社,2019
188,我的第一本算法书,石田保辉,人民邮电出版社,2018
189,大话数据结构,程杰,清华大学出版社,2011
190,数据结构C语言版,陈峰棋,中国铁道出版社,2002
191,数据结构与算法——C语言版,传智播客,清华大学出版社,2016
192,啊哈！算法,啊哈磊,人民邮电出版社,2014
193,跟我学数据结构,陈锐,清华大学出版社,2013
194,趣学数据结构,陈小玉,人民邮电出版社,2019
195,我的第一本算法书,石田保辉,人民邮电出版社,2018
196,大话数据结构,程杰,清华大学出版社,2011
197,数据结构C语言版,陈峰棋,中国铁道出版社,2002
198,数据结构与算法——C语言版,传智播客,清华大学出版社,2016
199,啊哈！算法,啊哈磊,人民邮电出版社,2014
200,跟我学数据结构,陈锐,清华大学出版社,2013
201,趣学数据结构,陈小玉,人民邮电出版社,2019
202,我的第一本算法书,石田保辉,人民邮电出版社,2018
203,大话数据结构,程杰,清华大学出版社,2011
204,数据结构C语言版,陈峰棋,中国铁道出版社,2002
205,数据结构与算法——C语言版,传智播客,清华大学出版社,2016
206,啊哈！算法,啊哈磊,人民邮电出版社,2014
207,跟我学数据结构,陈锐,清华大学出版社,2013
208,趣学数据结构,陈小玉,人民邮电出版社,2019
209,我的第一本算法书,石田保辉,人民邮电出版社,2018
210,大话数据结构,程杰,清华大学出版社,2011
211,数据结构C语言版,陈峰棋,中国铁道出版社,2002
212,数据结构与算法——C语言版,传智播客,清华大学出版社,2016
213,啊哈！算法,啊哈磊,人民邮电出版社,2014
214,跟我学数据结构,陈锐,清华大学出版社,2013
215,趣学数据结构,陈小玉,人民邮电出版社,2019
216,我的第一本算法书,石田保辉,人民邮电出版社,2018
217,大话数据结构,程杰,清华大学出版社,2011
218,数据结构C语言版,陈峰棋,中国铁道出版社,2002
219,数据结构与算法——C语言版,传智播客,清华大学出版社,2016
220,啊哈！算法,啊哈磊,人民邮电出版社,2014
221,跟我学数据结构,陈锐,清华大学出版社,2013
222,趣学数据结构,陈小玉,人民邮电出版社,2019
223,我的第一本算法书,石田保辉,人民邮电出版社,2018
224,大话数据结构,程杰,清华大学出版社,2011
225,数据结构C语言版,陈峰棋,中国铁道出版社,2002
226,数据结构与算法——C语言版,传智播客,清华大学出版社,2016
227,啊哈！算法,啊哈磊,人民邮电出版社,2014
228,跟我学数据结构,陈锐,清华大学出版社,2013
229,趣学数据结构,陈小玉,人民邮电出版社,2019
230,我的第一本算法书,石田保辉,人民邮电出版社,2018
231,大话数据结构,程杰,清华大学出版社,2011
232,数据结构C语言版,陈峰棋,中国铁道出版社,2002
233,数据结构与算法——C语言版,传智播客,清华大学出版社,2016
234,啊哈！算法,啊哈磊,人民邮电出版社,2014
235,跟我学数据结构,陈锐,清华大学出版社,2013
236,趣学数据结构,陈小玉,人民邮电出版社,2019
237,我的第一本算法书,石田保辉,人民邮电出版社,2018
238,大话数据结构,程杰,清华大学出版社,2011
239,数据结构C语言版,陈峰棋,中国铁道出版社,2002
240,数据结构与算法——C语言版,传智播客,清华大学出版社,2016
241,啊哈！算法,啊哈磊,人民邮电出版社,2014
242,跟我学数据结构,陈锐,清华大学出版社,2013
243,趣学数据结构,陈小玉,人民邮电出版社,2019
244,我的第一本算法书,石田保辉,人民邮电出版社,2018
245,大话数据结构,程杰,清华大学出版社,2011
246,数据结构C语言版,陈峰棋,中国铁道出版社,2002
247,数据结构与算法——C语言版,传智播客,清华大学出版社,2016
248,啊哈！算法,啊哈磊,人民邮电出版社,2014
249,跟我学数据结构,陈锐,清华大学出版社,2013
250,趣学数据结构,陈小玉,人民邮电出版社,2019
251,我的第一本算法书,石田保辉,人民邮电出版社,2018
252,大话数据结构,程杰,清华大学出版社,2011
253,数据结构C语言版,陈峰棋,中国铁道出版社,2002
254,数据结构与算法——C语言版,传智播客,清华大学出版社,2016
255,啊哈！算法,啊哈磊,人民邮电出版社,2014
256,跟我学数据结构,陈锐,清华大学出版社,2013
257,趣学数据结构,陈小玉,人民邮电出版社,2019
258,我的第一本算法书,石田保辉,人民邮电出版社,2018
259,大话数据结构,程杰,清华大学出版社,2011
260,数据结构C语言版,陈峰棋,中国铁道出版社,2002
261,数据结构与算法——C语言版,传智播客,清华大学出版社,2016
262,啊哈！算法,啊哈磊,人民邮电出版社,2014
263,跟我学数据结构,陈锐,清华大学出版社,2013
264,趣学数据结构,陈小玉,人民邮电出版社,2019
265,我的第一本算法书,石田保辉,人民邮电出版社,2018
266,大话数据结构,程杰,清华大学出版社,2011
267,数据结构C语言版,陈峰棋,中国铁道出版社,2002
268,数据结构与算法——C语言版,传智播客,清华大学出版社,2016
269,啊哈！算法,啊哈磊,人民邮电出版社,2014
270,跟我学数据结构,陈锐,清华大学出版社,2013
271,趣学数据结构,陈小玉,人民邮电出版社,2019
272,我的第一本算法书,石田保辉,人民邮电出版社,2018
273,大话数据结构,程杰,清华大学出版社,2011
274,数据结构C语言版,陈峰棋,中国铁道出版社,2002
275,数据结构与算法——C语言版,传智播客,清华大学出版社,2016
276,啊哈！算法,啊哈磊,人民邮电出版社,2014
277,跟我学数据结构,陈锐,清华大学出版社,2013
278,趣学数据结构,陈小玉,人民邮电出版社,2019
279,我的第一本算法书,石田保辉,人民邮电出版社,2018
280,大话数据结构,程杰,清华大学出版社,2011
281,数据结构C语言版,陈峰棋,中国铁道出版社,2002
282,数据结构与算法——C语言版,传智播客,清华大学出版社,2016
283,啊哈！算法,啊哈磊,人民邮电出版社,2014
284,跟我学数据结构,陈锐,清华大学出版社,2013
285,趣学数据结构,陈小玉,人民邮电出版社,2019
286,我的第一本算法书,石田保辉,人民邮电出版社,2018
287,大话数据结构,程杰,清华大学出版社,2011
288,数据结构C语言版,陈峰棋,中国铁道出版社,2002
289,数据结构与算法——C语言版,传智播客,清华大学出版社,2016
290,啊哈！算法,啊哈磊,人民邮电出版社,2014
291,跟我学数据结构,陈锐,清华大学出版社,2013
292,趣学数据结构,陈小玉,人民邮电出版社,2019
293,我的第一本算法书,石田保辉,人民邮电出版社,2018
294,大话数据结构,程杰,清华大学出版社,2011
295,数据结构C语言版,陈峰棋,中国铁道出版社,2002
296,数据结构与算法——C语言版,传智播客,清华大学出版社,2016
297,啊哈！算法,啊哈磊,人民邮电出版社,2014
298,跟我学数据结构,陈锐,清华大学出版社,2013
299,趣学数据结构,陈小玉,人民邮电出版社,2019
300,我的第一本算法书,石田保辉,人民邮电出版社,2018
301,大话数据结构,程杰,清华大学出版社,2011
302,数据结构C语言版,陈峰棋,中国铁道出版社,2002
303,数据结构与算法——C语言版,传智播客,清华大学出版社,2016
304,啊哈！算法,啊哈磊,人民邮电出版社,2014
305,跟我学数据结构,陈锐,清华大学出版社,2013
306,趣学数据结构,陈小玉,人民邮电出版社,2019
307,我的第一本算法书,石田保辉,人民邮电出版社,2018
308,大话数据结构,程杰,清华大学出版社,2011
309,数据结构C语言版,陈峰棋,中国铁道出版社,2002
310,数据结构与算法——C语言版,传智播客,清华大学出版社,2016
311,啊哈！算法,啊哈磊,人民邮电出版社,2014
312,跟我学数据结构,陈锐,清华大学出版社,2013
313,趣学数据结构,陈小玉,人民邮电出版社,2019
314,我的第一本算法书,石田保辉,人民邮电出版社,2018
315,大话数据结构,程杰,清华大学出版社,2011
316,数据结构C语言版,陈峰棋,中国铁道出版社,2002
317,数据结构与算法——C语言版,传智播客,清华大学出版社,2016
318,啊哈！算法,啊哈磊,人民邮电出版社,2014
319,跟我学数据结构,陈锐,清华大学出版社,2013
320,趣学数据结构,陈小玉,人民邮电出版社,2019
321,我的第一本算法书,石田保辉,人民邮电出版社,2018
322,大话数据结构,程杰,清华大学出版社,2011
323,数据结构C语言版,陈峰棋,中国铁道出版社,2002
324,数据结构与算法——C语言版,传智播客,清华大学出版社,2016
325,啊哈！算法,啊哈磊,人民邮电出版社,2014
326,跟我学数据结构,陈锐,清华大学出版社,2013
327,趣学数据结构,陈小玉,人民邮电出版社,2019
328,我的第一本算法书,石田保辉,人民邮电出版社,2018
329,大话数据结构,程杰,清华大学出版社,2011
330,数据结构C语言版,陈峰棋,中国铁道出版社,2002
331,数据结构与算法——C语言版,传智播客,清华大学出版社,2016
332,啊哈！算法,啊哈磊,人民邮电出版社,2014
333,跟我学数据结构,陈锐,清华大学出版社,2013
334,趣学数据结构,陈小玉,人民邮电出版社,2019
335,我的第一本算法书,石田保辉,人民邮电出版社,2018
336,大话数据结构,程杰,清华大学出版社,2011
337,数据结构C语言版,陈峰棋,中国铁道出版社,2002
338,数据结构与算法——C语言版,传智播客,清华大学出版社,2016
339,啊哈！算法,啊哈磊,人民邮电出版社,2014
340,跟我学数据结构,陈锐,清华大学出版社,2013
341,趣学数据结构,陈小玉,人民邮电出版社,2019
342,我的第一本算法书,石田保辉,人民邮电出版社,2018
343,大话数据结构,程杰,清华大学出版社,2011
344,数据结构C语言版,陈峰棋,中国铁道出版社,2002
345,数据结构与算法——C语言版,传智播客,清华大学出版社,2016
346,啊哈！算法,啊哈磊,人民邮电出版社,2014
347,跟我学数据结构,陈锐,清华大学出版社,2013
348,趣学数据结构,陈小玉,人民邮电出版社,2019
349,我的第一本算法书,石田保辉,人民邮电出版社,2018
350,大话数据结构,程杰,清华大学出版社,2011
351,数据结构C语言版,陈峰棋,中国铁道出版社,2002
352,数据结构与算法——C语言版,传智播客,清华大学出版社,2016
353,啊哈！算法,啊哈磊,人民邮电出版社,2014
354,跟我学数据结构,陈锐,清华大学出版社,2013
355,趣学数据结构,陈小玉,人民邮电出版社,2019
356,我的第一本算法书,石田保辉,人民邮电出版社,2018
357,大话数据结构,程杰,清华大学出版社,2011
358,数据结构C语言版,陈峰棋,中国铁道出版社,2002
359,数据结构与算法——C语言版,传智播客,清华大学出版社,2016
360,啊哈！算法,啊哈磊,人民邮电出版社,2014
361,跟我学数据结构,陈锐,清华大学出版社,2013
362,趣学数据结构,陈小玉,人民邮电出版社,2019
363,我的第一本算法书,石田保辉,人民邮电出版社,2018
364,大话数据结构,程杰,清华大学出版社,2011
365,数据结构C语言版,陈峰棋,中国铁道出版社,2002
366,数据结构与算法——C语言版,传智播客,清华大学出版社,2016
367,啊哈！算法,啊哈磊,人民邮电出版社,2014
368,跟我学数据结构,陈锐,清华大学出版社,2013
369,趣学数据结构,陈小玉,人民邮电出版社,2019
370,我的第一本算法书,石田保辉,人民邮电出版社,2018
371,大话数据结构,程杰,清华大学出版社,2011
372,数据结构C语言版,陈峰棋,中国铁道出版社,2002
373,数据结构与算法——C语言版,传智播客,清华大学出版社,2016
374,啊哈！算法,啊哈磊,人民邮电出版社,2014
375,跟我学数据结构,陈锐,清华大学出版社,2013
376,趣学数据结构,陈小玉,人民邮电出版社,2019
377,我的第一本算法书,石田保辉,人民邮电出版社,2018
378,大话数据结构,程杰,清华大学出版社,2011
379,数据结构C语言版,陈峰棋,中国铁道出版社,2002
380,数据结构与算法——C语言版,传智播客,清华大学出版社,2016
381,啊哈！算法,啊哈磊,人民邮电出版社,2014
382,跟我学数据结构,陈锐,清华大学出版社,2013
383,趣学数据结构,陈小玉,人民邮电出版社,2019
384,我的第一本算法书,石田保辉,人民邮电出版社,2018
385,大话数据结构,程杰,清华大学出版社,2011
386,数据结构C语言版,陈峰棋,中国铁道出版社,2002
387,数据结构与算法——C语言版,传智播客,清华大学出版社,2016
388,啊哈！算法,啊哈磊,人民邮电出版社,2014
389,跟我学数据结构,陈锐,清华大学出版社,2013
390,趣学数据结构,陈小玉,人民邮电出版社,2019
391,我的第一本算法书,石田保辉,人民邮电出版社,2018
392,大话数据结构,程杰,清华大学出版社,2011
393,数据结构C语言版,陈峰棋,中国铁道出版社,2002
394,数据结构与算法——C语言版,传智播客,清华大学出版社,2016
395,啊哈！算法,啊哈磊,人民邮电出版社,2014
396,跟我学数据结构,陈锐,清华大学出版社,2013
397,趣学数据结构,陈小玉,人民邮电出版社,2019
398,我的第一本算法书,石田保辉,人民邮电出版社,2018
399,大话数据结构,程杰,清华大学出版社,2011
400,数据结构C语言版,陈峰棋,中国铁道出版社,2002
401,数据结构与算法——C语言版,传智播客,清华大学出版社,2016
402,啊哈！算法,啊哈磊,人民邮电出版社,2014
403,跟我学数据结构,陈锐,清华大学出版社,2013
404,趣学数据结构,陈小玉,人民邮电出版社,2019
405,我的第一本算法书,石田保辉,人民邮电出版社,2018
406,大话数据结构,程杰,清华大学出版社,2011
407,数据结构C语言版,陈峰棋,中国铁道出版社,2002
408,数据结构与算法——C语言版,传智播客,清华大学出版社,2016
409,啊哈！算法,啊哈磊,人民邮电出版社,2014
410,跟我学数据结构,陈锐,清华大学出版社,2013
411,趣学数据结构,陈小玉,人民邮电出版社,2019
412,我的第一本算法书,石田保辉,人民邮电出版社,2018
413,大话数据结构,程杰,清华大学出版社,2011
414,数据结构C语言版,陈峰棋,中国铁道出版社,2002
415,数据结构与算法——C语言版,传智播客,清华大学出版社,2016
416,啊哈！算法,啊哈磊,人民邮电出版社,2014
417,跟我学数据结构,陈锐,清华大学出版社,2013
418,趣学数据结构,陈小玉,人民邮电出版社,2019
419,我的第一本算法书,石田保辉,人民邮电出版社,2018
420,大话数据结构,程杰,清华大学出版社,2011
421,数据结构C语言版,陈峰棋,中国铁道出版社,2002
422,数据结构与算法——C语言版,传智播客,清华大学出版社,2016
423,啊哈！算法,啊哈磊,人民邮电出版社,2014
424,跟我学数据结构,陈锐,清华大学出版社,2013
425,趣学数据结构,陈小玉,人民邮电出版社,2019
426,我的第一本算法书,石田保辉,人民邮电出版社,2018
427,大话数据结构,程杰,清华大学出版社,2011
428,数据结构C语言版,陈峰棋,中国铁道出版社,2002
429,数据结构与算法——C语言版,传智播客,清华大学出版社,2016
430,啊哈！算法,啊哈磊,人民邮电出版社,2014
431,跟我学数据结构,陈锐,清华大学出版社,2013
432,趣学数据结构,陈小玉,人民邮电出版社,2019
433,我的第一本算法书,石田保辉,人民邮电出版社,2018
434,大话数据结构,程杰,清华大学出版社,2011
435,数据结构C语言版,陈峰棋,中国铁道出版社,2002
436,数据结构与算法——C语言版,传智播客,清华大学出版社,2016
437,啊哈！算法,啊哈磊,人民邮电出版社,2014
438,跟我学数据结构,陈锐,清华大学出版社,2013
439,趣学数据结构,陈小玉,人民邮电出版社,2019
440,我的第一本算法书,石田保辉,人民邮电出版社,2018
441,大话数据结构,程杰,清华大学出版社,2011
442,数据结构C语言版,陈峰棋,中国铁道出版社,2002
443,数据结构与算法——C语言版,传智播客,清华大学出版社,2016
444,啊哈！算法,啊哈磊,人民邮电出版社,2014
445,跟我学数据结构,陈锐,清华大学出版社,2013
446,趣学数据结构,陈小玉,人民邮电出版社,2019
447,我的第一本算法书,石田保辉,人民邮电出版社,2018
448,大话数据结构,程杰,清华大学出版社,2011
449,数据结构C语言版,陈峰棋,中国铁道出版社,2002
450,数据结构与算法——C语言版,传智播客,清华大学出版社,2016
451,啊哈！算法,啊哈磊,人民邮电出版社,2014
452,跟我学数据结构,陈锐,清华大学出版社,2013
453,趣学数据结构,陈小玉,人民邮电出版社,2019
454,我的第一本算法书,石田保辉,人民邮电出版社,2018
455,大话数据结构,程杰,清华大学出版社,2011
456,数据结构C语言版,陈峰棋,中国铁道出版社,2002
457,数据结构与算法——C语言版,传智播客,清华大学出版社,2016
458,啊哈！算法,啊哈磊,人民邮电出版社,2014
459,跟我学数据结构,陈锐,清华大学出版社,2013
460,趣学数据结构,陈小玉,人民邮电出版社,2019
461,我的第一本算法书,石田保辉,人民邮电出版社,2018
462,大话数据结构,程杰,清华大学出版社,2011
463,数据结构C语言版,陈峰棋,中国铁道出版社,2002
464,数据结构与算法——C语言版,传智播客,清华大学出版社,2016
465,啊哈！算法,啊哈磊,人民邮电出版社,2014
466,跟我学数据结构,陈锐,清华大学出版社,2013
467,趣学数据结构,陈小玉,人民邮电出版社,2019
468,我的第一本算法书,石田保辉,人民邮电出版社,2018
469,大话数据结构,程杰,清华大学出版社,2011
470,数据结构C语言版,陈峰棋,中国铁道出版社,2002
471,数据结构与算法——C语言版,传智播客,清华大学出版社,2016
472,啊哈！算法,啊哈磊,人民邮电出版社,2014
473,跟我学数据结构,陈锐,清华大学出版社,2013
474,趣学数据结构,陈小玉,人民邮电出版社,2019
475,我的第一本算法书,石田保辉,人民邮电出版社,2018
476,大话数据结构,程杰,清华大学出版社,2011
477,数据结构C语言版,陈峰棋,中国铁道出版社,2002
478,数据结构与算法——C语言版,传智播客,清华大学出版社,2016
479,啊哈！算法,啊哈磊,人民邮电出版社,2014
480,跟我学数据结构,陈锐,清华大学出版社,2013
481,趣学数据结构,陈小玉,人民邮电出版社,2019
482,我的第一本算法书,石田保辉,人民邮电出版社,2018
483,大话数据结构,程杰,清华大学出版社,2011
484,数据结构C语言版,陈峰棋,中国铁道出版社,2002
485,数据结构与算法——C语言版,传智播客,清华大学出版社,2016
486,啊哈！算法,啊哈磊,人民邮电出版社,2014
487,跟我学数据结构,陈锐,清华大学出版社,2013
488,趣学数据结构,陈小玉,人民邮电出版社,2019
489,我的第一本算法书,石田保辉,人民邮电出版社,2018
490,大话数据结构,程杰,清华大学出版社,2011
491,数据结构C语言版,陈峰棋,中国铁道出版社,2002
492,数据结构与算法——C语言版,传智播客,清华大学出版社,2016
493,啊哈！算法,啊哈磊,人民邮电出版社,2014
494,跟我学数据结构,陈锐,清华大学出版社,2013
495,趣学数据结构,陈小玉,人民邮电出版社,2019
496,我的第一本算法书,石田保辉,人民邮电出版社,2018
497,大话数据结构,程杰,清华大学出版社,2011
498,数据结构C语言版,陈峰棋,中国铁道出版社,2002
499,数据结构与算法——C语言版,传智播客,清华大学出版社,2016
500,啊哈！算法,啊哈磊,人民邮电出版社,2014
501,跟我学数据结构,陈锐,清华大学出版社,2013
502,趣学数据结构,陈小玉,人民邮电出版社,2019
503,我的第一本算法书,石田保辉,人民邮电出版社,2018
504,大话数据结构,程杰,清华大学出版社,2011
505,数据结构C语言版,陈峰棋,中国铁道出版社,2002
506,数据结构与算法——C语言版,传智播客,清华大学出版社,2016
507,啊哈！算法,啊哈磊,人民邮电出版社,2014
508,跟我学数据结构,陈锐,清华大学出版社,2013
509,趣学数据结构,陈小玉,人民邮电出版社,2019
510,我的第一本算法书,石田保辉,人民邮电出版社,2018
511,大话数据结构,程杰,清华大学出版社,2011
512,数据结构C语言版,陈峰棋,中国铁道出版社,2002
513,数据结构与算法——C语言版,传智播客,清华大学出版社,2016
514,啊哈！算法,啊哈磊,人民邮电出版社,2014
515,跟我学数据结构,陈锐,清华大学出版社,2013
516,趣学数据结构,陈小玉,人民邮电出版社,2019
517,我的第一本算法书,石田保辉,人民邮电出版社,2018
518,大话数据结构,程杰,清华大学出版社,2011
519,数据结构C语言版,陈峰棋,中国铁道出版社,2002
520,数据结构与算法——C语言版,传智播客,清华大学出版社,2016
521,啊哈！算法,啊哈磊,人民邮电出版社,2014
522,跟我学数据结构,陈锐,清华大学出版社,2013
523,趣学数据结构,陈小玉,人民邮电出版社,2019
524,我的第一本算法书,石田保辉,人民邮电出版社,2018
525,大话数据结构,程杰,清华大学出版社,2011
526,数据结构C语言版,陈峰棋,中国铁道出版社,2002
527,数据结构与算法——C语言版,传智播客,清华大学出版社,2016
528,啊哈！算法,啊哈磊,人民邮电出版社,2014
529,跟我学数据结构,陈锐,清华大学出版社,2013
530,趣学数据结构,陈小玉,人民邮电出版社,2019
531,我的第一本算法书,石田保辉,人民邮电出版社,2018
532,大话数据结构,程杰,清华大学出版社,2011
533,数据结构C语言版,陈峰棋,中国铁道出版社,2002
534,数据结构与算法——C语言版,传智播客,清华大学出版社,2016
535,啊哈！算法,啊哈磊,人民邮电出版社,2014
536,跟我学数据结构,陈锐,清华大学出版社,2013
537,趣学数据结构,陈小玉,人民邮电出版社,2019
538,我的第一本算法书,石田保辉,人民邮电出版社,2018
539,大话数据结构,程杰,清华大学出版社,2011
540,数据结构C语言版,陈峰棋,中国铁道出版社,2002
541,数据结构与算法——C语言版,传智播客,清华大学出版社,2016
542,啊哈！算法,啊哈磊,人民邮电出版社,2014
543,跟我学数据结构,陈锐,清华大学出版社,2013
544,趣学数据结构,陈小玉,人民邮电出版社,2019
545,我的第一本算法书,石田保辉,人民邮电出版社,2018
546,大话数据结构,程杰,清华大学出版社,2011
547,数据结构C语言版,陈峰棋,中国铁道出版社,2002
548,数据结构与算法——C语言版,传智播客,清华大学出版社,2016
549,啊哈！算法,啊哈磊,人民邮电出版社,2014
550,跟我学数据结构,陈锐,清华大学出版社,2013
551,趣学数据结构,陈小玉,人民邮电出版社,2019
552,我的第一本算法书,石田保辉,人民邮电出版社,2018
553,大话数据结构,程杰,清华大学出版社,2011
554,数据结构C语言版,陈峰棋,中国铁道出版社,2002
555,数据结构与算法——C语言版,传智播客,清华大学出版社,2016
556,啊哈！算法,啊哈磊,人民邮电出版社,2014
557,跟我学数据结构,陈锐,清华大学出版社,2013
558,趣学数据结构,陈小玉,人民邮电出版社,2019
559,我的第一本算法书,石田保辉,人民邮电出版社,2018
560,大话数据结构,程杰,清华大学出版社,2011
561,数据结构C语言版,陈峰棋,中国铁道出版社,2002
562,数据结构与算法——C语言版,传智播客,清华大学出版社,2016
563,啊哈！算法,啊哈磊,人民邮电出版社,2014
564,跟我学数据结构,陈锐,清华大学出版社,2013
565,趣学数据结构,陈小玉,人民邮电出版社,2019
566,我的第一本算法书,石田保辉,人民邮电出版社,2018
567,大话数据结构,程杰,清华大学出版社,2011
568,数据结构C语言版,陈峰棋,中国铁道出版社,2002
569,数据结构与算法——C语言版,传智播客,清华大学出版社,2016
570,啊哈！算法,啊哈磊,人民邮电出版社,2014
571,跟我学数据结构,陈锐,清华大学出版社,2013
572,趣学数据结构,陈小玉,人民邮电出版社,2019
573,我的第一本算法书,石田保辉,人民邮电出版社,2018
574,大话数据结构,程杰,清华大学出版社,2011
575,数据结构C语言版,陈峰棋,中国铁道出版社,2002
576,数据结构与算法——C语言版,传智播客,清华大学出版社,2016
577,啊哈！算法,啊哈磊,人民邮电出版社,2014
578,跟我学数据结构,陈锐,清华大学出版社,2013
579,趣学数据结构,陈小玉,人民邮电出版社,2019
580,我的第一本算法书,石田保辉,人民邮电出版社,2018
581,大话数据结构,程杰,清华大学出版社,2011
582,数据结构C语言版,陈峰棋,中国铁道出版社,2002
583,数据结构与算法——C语言版,传智播客,清华大学出版社,2016
584,啊哈！算法,啊哈磊,人民邮电出版社,2014
585,跟我学数据结构,陈锐,清华大学出版社,2013
586,趣学数据结构,陈小玉,人民邮电出版社,2019
587,我的第一本算法书,石田保辉,人民邮电出版社,2018
588,大话数据结构,程杰,清华大学出版社,2011
589,数据结构C语言版,陈峰棋,中国铁道出版社,2002
590,数据结构与算法——C语言版,传智播客,清华大学出版社,2016
591,啊哈！算法,啊哈磊,人民邮电出版社,2014
592,跟我学数据结构,陈锐,清华大学出版社,2013
593,趣学数据结构,陈小玉,人民邮电出版社,2019
594,我的第一本算法书,石田保辉,人民邮电出版社,2018
595,大话数据结构,程杰,清华大学出版社,2011
596,数据结构C语言版,陈峰棋,中国铁道出版社,2002
597,数据结构与算法——C语言版,传智播客,清华大学出版社,2016
598,啊哈！算法,啊哈磊,人民邮电出版社,2014
599,跟我学数据结构,陈锐,清华大学出版社,2013
600,趣学数据结构,陈小玉,人民邮电出版社,2019
601,我的第一本算法书,石田保辉,人民邮电出版社,2018
602,大话数据结构,程杰,清华大学出版社,2011
603,数据结构C语言版,陈峰棋,中国铁道出版社,2002
604,数据结构与算法——C语言版,传智播客,清华大学出版社,2016
605,啊哈！算法,啊哈磊,人民邮电出版社,2014
606,跟我学数据结构,陈锐,清华大学出版社,2013
607,趣学数据结构,陈小玉,人民邮电出版社,2019
608,我的第一本算法书,石田保辉,人民邮电出版社,2018
609,大话数据结构,程杰,清华大学出版社,2011
610,数据结构C语言版,陈峰棋,中国铁道出版社,2002
611,数据结构与算法——C语言版,传智播客,清华大学出版社,2016
612,啊哈！算法,啊哈磊,人民邮电出版社,2014
613,跟我学数据结构,陈锐,清华大学出版社,2013
614,趣学数据结构,陈小玉,人民邮电出版社,2019
615,我的第一本算法书,石田保辉,人民邮电出版社,2018
616,大话数据结构,程杰,清华大学出版社,2011
617,数据结构C语言版,陈峰棋,中国铁道出版社,2002
618,数据结构与算法——C语言版,传智播客,清华大学出版社,2016
619,啊哈！算法,啊哈磊,人民邮电出版社,2014
620,跟我学数据结构,陈锐,清华大学出版社,2013
621,趣学数据结构,陈小玉,人民邮电出版社,2019
622,我的第一本算法书,石田保辉,人民邮电出版社,2018
623,大话数据结构,程杰,清华大学出版社,2011
624,数据结构C语言版,陈峰棋,中国铁道出版社,2002
625,数据结构与算法——C语言版,传智播客,清华大学出版社,2016
626,啊哈！算法,啊哈磊,人民邮电出版社,2014
627,跟我学数据结构,陈锐,清华大学出版社,2013
628,趣学数据结构,陈小玉,人民邮电出版社,2019
629,我的第一本算法书,石田保辉,人民邮电出版社,2018
630,大话数据结构,程杰,清华大学出版社,2011
